work_year,experience_level,employment_type,job_title,salary_in_usd,employee_residence,remote_ratio,company_location,company_size
2022,MI,FT,Machine Learning Engineer,130000,US,0,US,M
2022,MI,FT,Machine Learning Engineer,90000,US,0,US,M
2022,MI,FT,Data Scientist,120000,US,100,US,M
2022,MI,FT,Data Scientist,100000,US,100,US,M
2022,MI,FT,Data Scientist,85000,US,100,US,M
2022,MI,FT,Data Scientist,78000,US,100,US,M
2022,SE,FT,Data Engineer,161000,US,100,US,M
2022,SE,FT,Data Engineer,110000,US,100,US,M
2022,SE,FT,Data Scientist,136000,US,100,US,M
2022,SE,FT,Data Scientist,104000,US,100,US,M
2022,SE,FT,Data Scientist,47379,ES,0,ES,M
2022,SE,FT,Data Scientist,37903,ES,0,ES,M
2022,EX,FT,Head of Data,205000,US,0,US,M
2022,EX,FT,Head of Data,160000,US,0,US,M
2022,SE,FT,Data Analyst,169000,US,0,US,M
2022,SE,FT,Data Analyst,110600,US,0,US,M
2022,EN,FT,Data Engineer,61927,GB,100,GB,M
2022,EN,FT,Data Engineer,49542,GB,100,GB,M
2022,SE,FT,Data Engineer,160000,US,0,US,M
2022,SE,FT,Data Engineer,130000,US,0,US,M
2022,SE,FT,Data Scientist,245000,US,0,US,M
2022,SE,FT,Data Scientist,180000,US,0,US,M
2022,SE,FT,Data Engineer,135000,US,0,US,M
2022,SE,FT,Data Engineer,100000,US,0,US,M
2022,SE,FT,Data Engineer,220000,US,0,US,M
2022,SE,FT,Data Engineer,150000,US,0,US,M
2022,SE,FT,Data Scientist,198440,US,0,US,L
2022,SE,FT,Data Scientist,144000,US,0,US,L
2022,SE,FT,Data Engineer,240000,US,0,US,M
2022,SE,FT,Data Engineer,170000,US,0,US,M
2022,SE,FT,Data Scientist,198440,US,0,US,M
2022,SE,FT,Data Scientist,144000,US,0,US,M
2022,MI,FT,Data Analyst,150000,US,100,US,M
2022,MI,FT,Data Analyst,100000,US,100,US,M
2022,SE,FT,Data Analyst,120000,US,0,US,M
2022,SE,FT,Data Analyst,95000,US,0,US,M
2022,MI,FT,Data Scientist,58211,GB,50,GB,M
2022,EN,FT,Data Analyst,64000,US,100,US,L
2022,EN,FT,Data Scientist,40009,FR,50,FR,L
2022,SE,FT,Machine Learning Engineer,187200,CA,100,CA,M
2022,SE,FT,Machine Learning Engineer,116100,CA,100,CA,M
2022,SE,FT,Data Analyst,150000,US,0,US,M
2022,SE,FT,Data Analyst,127000,US,0,US,M
2022,SE,FT,Data Engineer,275000,US,100,US,M
2022,SE,FT,Data Engineer,166000,US,100,US,M
2022,SE,FT,Data Scientist,159699,US,0,US,M
2022,SE,FT,Data Scientist,138938,US,0,US,M
2022,EN,FT,BI Analyst,76000,US,50,US,L
2022,SE,FT,Data Analyst,166700,US,0,US,M
2022,SE,FT,Data Analyst,119000,US,0,US,M
2022,SE,FT,Data Analyst,130000,US,0,US,M
2022,SE,FT,Data Analyst,100000,US,0,US,M
2022,SE,FT,Analytics Engineer,104038,GB,0,GB,M
2022,SE,FT,Analytics Engineer,92891,GB,0,GB,M
2022,SE,FT,Data Analyst,80000,US,0,US,M
2022,SE,FT,Data Analyst,52500,US,0,US,M
2022,SE,FT,Data Engineer,236000,US,100,US,M
2022,SE,FT,Data Engineer,182000,US,100,US,M
2022,SE,FT,Data Scientist,180000,US,100,US,M
2022,SE,FT,Data Scientist,140000,US,100,US,M
2022,SE,FT,Data Scientist,225000,US,0,US,M
2022,SE,FT,Data Scientist,156400,US,0,US,M
2022,SE,FT,Data Analyst,135000,US,100,US,M
2022,SE,FT,Data Analyst,100000,US,100,US,M
2022,SE,FT,Machine Learning Engineer,204500,US,0,US,M
2022,SE,FT,Machine Learning Engineer,142200,US,0,US,M
2022,MI,FT,Research Engineer,240000,US,100,US,M
2022,EN,PT,Data Analyst,125404,CN,50,US,S
2022,SE,FT,Data Engineer,300000,US,0,US,M
2022,SE,FT,Data Engineer,195000,US,100,US,M
2022,SE,FT,Data Engineer,175000,US,100,US,M
2022,SE,FT,Data Engineer,155000,US,0,US,M
2022,SE,FT,Data Engineer,110000,US,0,US,M
2022,SE,FT,Data Operations Analyst,123000,US,0,US,M
2022,SE,FT,Data Operations Analyst,92250,US,0,US,M
2022,MI,FT,Machine Learning Engineer,180000,US,100,US,M
2022,MI,FT,Machine Learning Engineer,100000,US,100,US,M
2022,SE,FT,Data Engineer,97000,US,100,US,M
2022,SE,FT,Data Engineer,90000,US,100,US,M
2022,SE,FT,Data Engineer,200000,US,0,US,M
2022,SE,FT,Machine Learning Engineer,210000,US,100,US,M
2022,SE,FT,Machine Learning Engineer,180000,US,100,US,M
2022,SE,FT,Data Engineer,260000,US,0,US,M
2022,SE,FT,Data Engineer,180000,US,0,US,M
2022,EX,FT,Analytics Engineer,210000,US,100,US,M
2022,EX,FT,Analytics Engineer,157000,US,100,US,M
2022,EN,FT,Data Scientist,180000,US,100,US,M
2022,EN,FT,Data Scientist,100000,US,100,US,M
2022,MI,FT,Data Analyst,80000,US,0,US,M
2022,MI,FT,Data Analyst,52500,US,0,US,M
2022,SE,FT,Data Architect,128000,US,0,US,M
2022,SE,FT,Data Architect,81500,US,0,US,M
2022,SE,FT,Data Operations Engineer,105000,US,0,US,M
2022,SE,FT,Data Operations Engineer,70000,US,0,US,M
2022,SE,FT,Data Scientist,175000,US,0,US,M
2022,SE,FT,Data Scientist,122500,US,0,US,M
2022,SE,FT,Data Engineer,171000,US,0,US,M
2022,SE,FT,Data Engineer,117000,US,0,US,M
2022,SE,FT,Data Scientist,202800,US,0,US,L
2022,SE,FT,Data Scientist,104300,US,0,US,L
2022,SE,FT,Data Analyst,50537,ES,0,ES,M
2022,SE,FT,Data Analyst,36850,ES,0,ES,M
2022,SE,FT,Data Engineer,197000,US,0,US,M
2022,SE,FT,Data Engineer,99000,US,0,US,M
2022,SE,FT,Data Scientist,185900,US,0,US,M
2022,SE,FT,Data Scientist,129300,US,0,US,M
2021,SE,FT,3D Computer Vision Researcher,5000,US,100,US,L
2022,MI,FT,Data Scientist,30000,MX,100,MX,L
2022,MI,FT,Analytics Engineer,78000,BR,100,BR,M
2022,MI,FT,Analytics Engineer,48000,BR,100,BR,M
2022,MI,FT,Data Engineer,78000,BR,100,BR,M
2022,MI,FT,Data Engineer,42000,BR,100,BR,M
2022,SE,FT,Data Architect,345600,US,0,US,M
2022,SE,FT,Data Architect,230400,US,0,US,M
2022,SE,FT,Data Engineer,145000,US,0,US,M
2022,SE,FT,Data Engineer,115000,US,0,US,M
2022,MI,FT,BI Analyst,78000,BR,100,BR,M
2022,MI,FT,BI Analyst,48000,BR,100,BR,M
2022,SE,FT,Data Analyst,175950,US,100,US,M
2022,SE,FT,Data Analyst,130050,US,100,US,M
2022,SE,FT,Data Engineer,205600,US,0,US,L
2022,SE,FT,Data Engineer,105700,US,0,US,L
2022,SE,FT,Data Analyst,236600,US,100,US,M
2022,SE,FT,Data Analyst,89200,US,100,US,M
2022,MI,FT,Data Scientist,84000,BR,100,BR,M
2022,MI,FT,Data Scientist,54000,BR,100,BR,M
2022,EN,FT,Data Scientist,80000,US,100,US,L
2022,SE,FT,Data Analyst,200000,GB,100,GB,S
2022,EN,FT,Data Scientist,74286,CA,100,CA,L
2022,SE,FT,Data Science Lead,165000,US,50,US,S
2022,EN,FT,Data Scientist,33440,GB,50,GB,L
2022,SE,FT,Data Engineer,185900,US,0,US,M
2022,SE,FT,Data Engineer,129300,US,0,US,M
2021,EN,FT,Power BI Developer,5409,IN,50,IN,L
2021,MI,FT,Data Engineer,75050,AU,50,AU,L
2022,SE,FT,Data Engineer,225000,US,0,US,M
2022,SE,FT,Data Engineer,184100,US,0,US,M
2022,EN,FT,Machine Learning Engineer,108000,US,0,US,S
2022,SE,FT,Data Scientist,8000,IN,100,SG,L
2022,SE,FT,Data Scientist,155000,US,100,US,M
2022,SE,FT,Data Scientist,38000,US,100,US,M
2022,MI,FT,Data Analyst,85000,US,0,US,M
2022,MI,FT,Data Analyst,65000,US,0,US,M
2022,MI,FT,Data Engineer,111469,GB,0,GB,M
2022,MI,FT,Data Engineer,92891,GB,0,GB,M
2022,SE,FT,Data Scientist,153600,US,100,US,M
2022,SE,FT,Data Scientist,106800,US,100,US,M
2022,SE,FT,Data Scientist,185000,US,100,US,M
2022,SE,FT,Data Scientist,50000,US,100,US,M
2022,SE,FT,Data Scientist,168000,US,100,US,M
2022,SE,FT,Data Scientist,130000,US,100,US,M
2022,SE,FT,Data Scientist,123400,US,0,US,M
2022,SE,FT,Data Scientist,88100,US,0,US,M
2022,SE,FT,Data Scientist,120000,US,100,US,S
2022,SE,FT,Data Scientist,55000,US,100,US,S
2022,SE,FT,Data Engineer,191200,US,0,US,M
2022,SE,FT,Analytics Engineer,150000,US,0,US,M
2022,SE,FT,Analytics Engineer,120000,US,0,US,M
2022,SE,FT,Data Science Consultant,139000,US,0,US,M
2022,SE,FT,Data Science Consultant,122000,US,0,US,M
2022,SE,FT,Data Analyst,139600,US,0,US,M
2022,SE,FT,Data Analyst,85700,US,0,US,M
2022,SE,FT,Data Engineer,185000,US,100,US,M
2022,SE,FT,Data Engineer,50000,US,100,US,M
2022,SE,FT,Data Scientist,200000,US,100,US,M
2022,SE,FT,Data Scientist,175000,US,100,US,M
2022,MI,FT,Machine Learning Engineer,148500,US,100,US,L
2022,MI,FT,Machine Learning Engineer,98200,US,100,US,L
2022,SE,FT,Data Analyst,115000,US,100,US,M
2022,SE,FT,Data Analyst,95000,US,100,US,M
2022,SE,FT,Data Architect,225000,US,100,US,M
2022,SE,FT,Data Architect,66000,US,100,US,M
2022,MI,FT,Data Manager,134000,US,0,US,M
2022,MI,FT,Data Manager,98000,US,0,US,M
2022,MI,FT,Data Analyst,105000,US,0,US,M
2022,MI,FT,Data Analyst,62000,US,0,US,M
2022,EN,FT,Data Analyst,57000,US,100,US,L
2022,SE,FT,Data Engineer,162502,CA,50,CA,M
2022,MI,FT,Data Scientist,144200,US,100,US,M
2022,MI,FT,Data Scientist,115360,US,100,US,M
2022,MI,FT,Data Scientist,83793,AU,0,AU,L
2022,SE,FT,Principal Data Architect,38483,IN,100,IN,L
2022,SE,FT,Data Engineer,73701,PT,0,PT,M
2022,SE,FT,Data Engineer,42114,PT,0,PT,M
2022,SE,FT,Data Engineer,170000,US,100,US,M
2022,SE,FT,Data Engineer,150000,US,100,US,M
2022,SE,FT,Data Architect,180000,US,100,US,M
2022,SE,FT,Data Architect,160000,US,100,US,M
2022,MI,FT,Data Scientist,108000,US,50,US,L
2022,SE,FT,Machine Learning Engineer,200000,US,100,US,M
2022,SE,FT,Machine Learning Engineer,150000,US,100,US,M
2022,EX,FT,Data Manager,126906,CA,50,CA,L
2022,SE,FT,Data Engineer,188700,US,100,US,M
2022,SE,FT,Data Engineer,160395,US,100,US,M
2022,SE,FT,Data Analyst,115934,US,100,US,M
2022,SE,FT,Data Analyst,81666,US,100,US,M
2022,SE,FT,Data Scientist,198440,US,100,US,M
2022,SE,FT,Data Scientist,144000,US,100,US,M
2022,SE,FT,Applied Scientist,191475,US,100,US,M
2022,SE,FT,Applied Scientist,141525,US,100,US,M
2022,MI,FT,Data Scientist,75806,DE,100,DE,S
2022,SE,FT,Data Scientist,156868,US,100,US,L
2022,SE,FT,BI Analyst,200000,NG,100,NG,S
2022,SE,FT,Machine Learning Engineer,69489,PT,100,PT,L
2022,MI,FT,NLP Engineer,5132,CZ,100,CZ,M
2022,SE,CT,Data Analyst,90000,US,100,US,M
2022,MI,FT,Research Scientist,126344,DE,0,DE,S
2022,MI,FT,Research Scientist,84229,DE,0,DE,S
2022,SE,FT,Data Engineer,200000,US,100,US,M
2022,SE,FT,Data Engineer,180000,US,100,US,M
2022,MI,FT,Analytics Engineer,108000,US,100,US,M
2022,MI,FT,Analytics Engineer,85000,US,100,US,M
2022,SE,FT,Data Engineer,165000,US,100,US,M
2022,SE,FT,Data Engineer,132000,US,100,US,M
2022,SE,FT,Analytics Engineer,130000,US,100,US,M
2022,SE,FT,Analytics Engineer,110000,US,100,US,M
2022,MI,FT,Data Analyst,45388,AU,50,AU,L
2021,EN,FT,Data Analyst,42028,AU,50,AU,L
2022,MI,FT,Data Analytics Engineer,135000,US,100,US,L
2022,SE,FT,Data Engineer,178800,US,100,US,L
2022,SE,FT,Data Engineer,132100,US,100,US,L
2022,EN,FT,Data Analyst,20000,CR,50,US,M
2022,SE,FT,Machine Learning Engineer,140000,CA,0,CA,M
2022,SE,FT,Machine Learning Engineer,110000,CA,0,CA,M
2022,SE,FT,Data Engineer,160000,US,100,US,M
2022,SE,FT,Data Engineer,85000,US,100,US,M
2022,SE,FT,ETL Developer,250000,US,100,US,M
2022,SE,FT,ETL Developer,63000,US,100,US,M
2022,EX,FT,Data Engineer,187200,US,100,US,M
2022,EX,FT,Data Engineer,116100,US,100,US,M
2022,MI,FT,Data Scientist,10000,TR,0,TR,M
2022,SE,FT,Data Engineer,145000,US,100,US,M
2022,SE,FT,Data Engineer,229998,US,0,US,L
2022,SE,FT,Data Engineer,154545,US,0,US,L
2022,SE,FT,Data Scientist,215000,US,0,US,L
2022,SE,FT,Data Scientist,159000,US,0,US,L
2022,EN,FT,AI Scientist,50000,US,100,US,M
2022,SE,FT,Data Scientist,183000,US,100,US,L
2022,SE,FT,Data Analyst,99750,US,100,US,M
2022,SE,FT,Data Analyst,68400,US,100,US,M
2022,SE,FT,Data Scientist,236900,US,100,US,L
2022,SE,FT,Data Scientist,159200,US,100,US,L
2022,SE,FT,Data Science Manager,243225,US,100,US,M
2022,SE,FT,Data Science Manager,179775,US,100,US,M
2022,SE,FT,Data Scientist,148000,US,100,US,M
2022,SE,FT,Data Scientist,128000,US,100,US,M
2022,SE,FT,Data Architect,190000,US,100,US,M
2022,SE,FT,Data Architect,135000,US,100,US,M
2022,SE,FT,Data Scientist,191475,US,100,US,M
2022,SE,FT,Data Scientist,141525,US,100,US,M
2022,SE,FT,Data Scientist,218000,US,0,US,M
2022,SE,FT,Data Scientist,145300,US,0,US,M
2022,SE,FT,Machine Learning Engineer,195400,US,100,US,L
2022,SE,FT,Machine Learning Engineer,131300,US,100,US,L
2022,EN,FT,Data Specialist,105000,CL,100,US,L
2022,SE,FT,Data Scientist,207000,US,100,US,M
2022,SE,FT,Data Scientist,153000,US,100,US,M
2022,SE,FT,Data Analyst,110000,US,0,US,M
2022,SE,FT,Data Analyst,99000,US,0,US,M
2022,SE,FT,Machine Learning Engineer,200000,PR,100,PR,M
2022,SE,FT,Machine Learning Engineer,135000,PR,100,PR,M
2022,SE,FT,Data Engineer,195700,US,0,US,M
2022,SE,FT,Data Engineer,130500,US,0,US,M
2022,SE,FT,Machine Learning Engineer,130000,US,100,US,M
2022,SE,FT,Machine Learning Engineer,84000,US,100,US,M
2022,MI,FT,Data Operations Engineer,100000,US,100,US,M
2022,MI,FT,Data Operations Engineer,60000,US,100,US,M
2022,MI,FT,Data Engineer,80505,GB,100,GB,M
2022,MI,FT,Data Engineer,68120,GB,100,GB,M
2022,SE,FT,Data Engineer,141300,US,0,US,M
2022,SE,FT,Data Engineer,102100,US,0,US,M
2022,MI,FT,Data Analyst,150000,US,100,US,L
2022,MI,FT,Data Scientist,102799,GB,100,GB,M
2022,EN,FT,Data Scientist,23090,IN,50,IN,M
2022,SE,FT,Data Analyst,144000,US,100,US,M
2022,SE,FT,Data Analyst,113000,US,100,US,M
2022,EN,FT,AI Scientist,31586,PT,100,ES,M
2022,SE,FT,Data Architect,195400,US,100,US,L
2022,SE,FT,Data Architect,131300,US,100,US,L
2022,SE,FT,Machine Learning Engineer,195400,US,100,US,L
2022,SE,FT,Machine Learning Engineer,131300,US,100,US,L
2022,SE,FT,Data Engineer,135000,US,100,US,M
2022,SE,FT,Data Engineer,80000,US,100,US,M
2022,EN,FT,Data Analyst,8120,IN,100,IN,M
2022,MI,CT,NLP Engineer,60000,IN,100,US,S
2022,SE,FT,Machine Learning Engineer,63172,FI,50,FI,S
2022,EN,FT,Data Analyst,50000,IN,100,AS,L
2022,SE,FT,Data Engineer,140000,US,100,US,M
2022,SE,FT,Data Engineer,105000,US,100,US,M
2022,SE,FT,Analytics Engineer,190000,US,100,US,M
2022,SE,FT,Analytics Engineer,140000,US,100,US,M
2022,SE,FT,Data Scientist,180000,US,100,US,L
2022,SE,FT,Data Scientist,165000,US,100,US,L
2022,SE,FT,Machine Learning Engineer,108000,US,0,US,L
2021,EN,FT,Machine Learning Engineer,20000,FR,50,FR,M
2022,SE,FT,Data Scientist,179400,US,0,US,M
2022,SE,FT,Data Scientist,154000,US,0,US,M
2022,SE,FT,Machine Learning Engineer,193900,US,0,US,M
2022,SE,FT,Machine Learning Engineer,129300,US,0,US,M
2022,EX,FT,Data Science Manager,222640,US,0,US,M
2022,EX,FT,Data Science Manager,182160,US,0,US,M
2022,MI,FT,Data Engineer,150000,US,0,US,M
2022,MI,FT,Data Engineer,100000,US,0,US,M
2022,SE,FT,Analytics Engineer,122500,US,100,US,M
2022,SE,FT,Analytics Engineer,100000,US,100,US,M
2022,EX,FT,Data Engineer,297500,US,100,US,M
2022,EX,FT,Data Engineer,260000,US,100,US,M
2021,EN,FT,Machine Learning Engineer,15000,TH,100,TH,L
2022,SE,FT,Data Engineer,193000,ES,100,US,M
2022,EN,FT,Data Scientist,93000,US,0,US,M
2022,EN,FT,Data Scientist,73000,US,0,US,M
2022,EN,FT,Data Analyst,7828,BR,100,BR,L
2022,SE,FT,Data Scientist,136994,US,100,US,M
2022,SE,FT,Data Scientist,101570,US,100,US,M
2022,SE,FT,Director of Data Science,57908,FR,50,FR,L
2022,MI,FT,Data Analyst,136000,US,100,US,M
2022,MI,FT,Data Analyst,112000,US,100,US,M
2022,SE,FT,Data Scientist,172000,US,100,US,M
2022,SE,FT,Data Engineer,215000,US,0,US,M
2022,SE,FT,Data Engineer,164000,US,0,US,M
2022,SE,FT,Data Engineer,250000,US,100,US,M
2022,SE,FT,Data Engineer,63000,US,100,US,M
2021,EN,FT,Data Engineer,45390,GB,50,GB,L
2022,MI,FT,Data Analyst,97500,US,100,US,L
2022,SE,FT,Applied Scientist,212800,US,100,US,M
2022,SE,FT,Applied Scientist,142800,US,100,US,M
2022,MI,FT,Data Scientist,73701,NL,50,NL,L
2022,EN,FT,Data Scientist,50000,US,50,DE,M
2022,EN,FT,Data Analyst,6413,FR,100,IN,L
2022,SE,FT,Data Scientist,151800,US,0,US,M
2022,SE,FT,Data Scientist,130240,US,0,US,M
2022,SE,FT,Analytics Engineer,165000,US,100,US,M
2022,SE,FT,Analytics Engineer,140250,US,100,US,M
2022,SE,FT,Data Scientist,179400,US,100,US,M
2022,SE,FT,Data Scientist,154000,US,100,US,M
2022,MI,FT,Data Analyst,75000,US,0,US,M
2022,MI,FT,Data Engineer,84229,GR,100,GR,M
2022,MI,FT,Data Engineer,73701,GR,100,GR,M
2022,MI,FT,Data Engineer,99084,GB,100,GB,M
2022,MI,FT,Data Engineer,86698,GB,100,GB,M
2022,MI,FT,Data Engineer,84229,ES,100,ES,M
2022,MI,FT,Data Engineer,73701,ES,100,ES,M
2022,SE,FT,Analytics Engineer,103265,GB,100,GB,M
2022,SE,FT,Analytics Engineer,80510,GB,100,GB,M
2022,SE,FT,Data Engineer,105224,GB,100,GB,M
2022,SE,FT,Data Engineer,82762,GB,100,GB,M
2022,SE,FT,Data Scientist,191475,US,0,US,M
2022,SE,FT,Data Scientist,141525,US,0,US,M
2022,SE,FT,Data Analyst,115000,US,0,US,L
2022,EN,FT,Data Scientist,31586,ES,50,ES,M
2022,SE,FT,Data Operations Analyst,81000,US,100,US,M
2022,SE,FT,Data Operations Analyst,66000,US,100,US,M
2022,EN,FT,Data Analyst,46000,US,100,US,L
2022,EN,FT,Data Engineer,80000,US,100,US,L
2022,EX,FT,Machine Learning Engineer,200000,US,100,US,S
2022,EX,FT,Machine Learning Engineer,180000,US,100,US,S
2022,EX,FT,AI Scientist,200000,US,100,US,S
2022,SE,FT,Data Scientist,204100,US,0,US,M
2022,SE,FT,Data Scientist,136100,US,0,US,M
2022,SE,FT,Analytics Engineer,250000,US,0,US,M
2022,SE,FT,Analytics Engineer,63000,US,0,US,M
2022,MI,FT,Data Scientist,118900,GB,0,GB,M
2022,MI,FT,Data Scientist,111469,GB,0,GB,M
2021,EN,PT,Computer Vision Software Engineer,19073,DK,50,DK,L
2022,SE,FT,Data Specialist,95000,US,100,US,M
2022,SE,FT,Data Specialist,70000,US,100,US,M
2022,MI,FT,Machine Learning Engineer,75000,BO,100,US,M
2022,MI,CT,Analytics Engineer,7500,BO,50,BO,M
2022,MI,FT,Data Analyst,113000,US,0,US,L
2022,SE,FT,Data Scientist,170000,US,100,US,M
2022,MI,FT,Data Analytics Consultant,113000,US,100,US,L
2022,MI,FT,Data Analyst,140000,US,100,US,M
2021,SE,FT,Data Analyst,50000,PH,100,PH,S
2022,MI,FT,Data Analyst,53767,AU,100,AU,M
2022,SE,FT,Data Scientist,140000,US,0,US,M
2022,EN,FT,3D Computer Vision Researcher,2324,AX,0,AL,L
2022,SE,FT,Data Scientist,30006,PT,50,PT,S
2022,SE,FT,Data Scientist,160000,US,0,US,L
2022,SE,FT,Data Scientist,119300,US,0,US,L
2022,MI,FT,Research Scientist,145000,US,50,US,L
2022,SE,FT,Data Engineer,105000,US,0,US,M
2022,SE,FT,Data Engineer,90000,US,0,US,M
2022,SE,FT,ETL Developer,146200,US,100,US,M
2022,SE,FT,ETL Developer,124270,US,100,US,M
2022,MI,FT,Data Scientist,225000,US,0,US,M
2022,MI,FT,Data Scientist,160000,US,0,US,M
2022,MI,FT,Data Scientist,54749,NL,100,NL,S
2022,SE,FT,Data Engineer,185800,CA,100,CA,M
2022,SE,FT,Data Engineer,137400,CA,100,CA,M
2022,SE,FT,Analytics Engineer,245000,US,0,US,M
2022,SE,FT,Analytics Engineer,180000,US,0,US,M
2022,SE,FT,Analytics Engineer,203500,US,0,US,M
2022,SE,FT,Analytics Engineer,152000,US,0,US,M
2022,SE,FT,Data Engineer,250000,US,0,US,M
2022,SE,FT,Data Engineer,63000,US,0,US,M
2022,SE,FT,Machine Learning Engineer,186000,US,100,US,M
2022,SE,FT,Machine Learning Engineer,148800,US,100,US,M
2022,SE,FT,Machine Learning Engineer,96209,IN,50,IN,L
2022,MI,FT,Machine Learning Engineer,128809,GB,50,GB,L
2022,EN,FT,Data Scientist,82000,US,0,US,L
2022,EN,PT,Data Scientist,110000,DO,100,FR,M
2022,MI,FT,Machine Learning Engineer,173000,US,50,US,M
2022,SE,FT,Data Scientist,203500,US,0,US,M
2022,SE,FT,Data Scientist,152000,US,0,US,M
2022,SE,FT,Machine Learning Engineer,186000,US,100,US,M
2022,SE,FT,Machine Learning Engineer,148800,US,100,US,M
2022,EN,FT,Data Analyst,6294,BR,100,BR,L
2022,MI,FT,Data Science Manager,158000,US,100,US,M
2022,MI,FT,Data Science Manager,134000,US,100,US,M
2022,SE,FT,Data Scientist,120000,US,100,US,M
2022,EX,FT,Analytics Engineer,200000,US,100,US,M
2022,EX,FT,Analytics Engineer,150000,US,100,US,M
2022,SE,FT,Data Analyst,216200,US,0,US,M
2022,SE,FT,Data Analyst,144100,US,0,US,M
2022,MI,FT,Data Scientist,115816,NL,0,NL,M
2022,MI,FT,Data Scientist,89494,NL,0,NL,M
2022,SE,FT,ETL Developer,250000,US,0,US,M
2022,SE,FT,ETL Developer,63000,US,0,US,M
2022,SE,FT,Machine Learning Engineer,135000,US,100,US,M
2022,SE,FT,Machine Learning Engineer,85000,US,100,US,M
2022,SE,FT,Data Science Manager,206000,US,100,US,M
2022,SE,FT,Data Science Manager,175100,US,100,US,M
2022,SE,FT,Machine Learning Engineer,189650,US,0,US,M
2022,SE,FT,Machine Learning Engineer,164996,US,0,US,M
2022,SE,FT,Data Architect,149040,US,100,US,M
2022,SE,FT,Data Architect,113900,US,100,US,M
2022,SE,FT,Data Engineer,154000,US,100,US,M
2022,SE,FT,Data Engineer,126000,US,100,US,M
2022,SE,FT,Machine Learning Engineer,200000,US,100,US,L
2022,SE,FT,Machine Learning Engineer,150000,US,100,US,L
2022,SE,FT,Analytics Engineer,170000,US,100,US,M
2022,SE,FT,Analytics Engineer,135000,US,100,US,M
2022,MI,FT,Data Engineer,99084,GB,0,GB,M
2022,MI,FT,Data Engineer,74313,GB,0,GB,M
2022,SE,FT,Data Analyst,117000,US,100,US,M
2022,SE,FT,Data Analyst,99450,US,100,US,M
2022,SE,FT,Data Engineer,200000,PR,100,PR,M
2022,SE,FT,Data Engineer,135000,PR,100,PR,M
2022,SE,FT,Machine Learning Engineer,193900,US,0,US,M
2022,SE,FT,Machine Learning Engineer,129300,US,0,US,M
2022,EN,FT,Machine Learning Engineer,55734,GB,100,GB,S
2022,SE,FT,Data Analyst,86698,GB,0,GB,M
2022,SE,FT,Data Analyst,61927,GB,0,GB,M
2022,SE,FT,Data Analyst,175000,US,100,US,M
2022,SE,FT,Data Analyst,130000,US,100,US,M
2022,SE,FT,Data Engineer,188100,US,0,US,M
2022,SE,FT,Data Engineer,139860,US,0,US,M
2022,SE,FT,Machine Learning Engineer,248700,US,0,US,M
2022,SE,FT,Machine Learning Engineer,167100,US,0,US,M
2022,MI,FT,Data Analyst,5772,IN,100,IN,S
2022,MI,FT,Data Analyst,50537,DE,100,DE,S
2022,SE,FT,Data Scientist,205000,US,0,US,M
2022,SE,FT,Data Architect,141300,US,0,US,M
2022,SE,FT,Data Architect,102100,US,0,US,M
2022,EN,FT,Data Analyst,50000,AR,100,AR,L
2022,EN,FT,Data Scientist,84229,BE,100,BE,L
2022,SE,FT,Data Scientist,2428,BR,100,BR,L
2022,MI,FT,Data Scientist,61927,GB,50,GB,S
2022,SE,FT,Data Architect,250000,US,0,US,M
2022,SE,FT,Data Architect,63000,US,0,US,M
2022,SE,FT,Data Science Manager,189500,US,100,US,L
2022,SE,FT,Data Science Manager,140100,US,100,US,L
2022,SE,FT,Data Engineer,177600,US,100,US,L
2022,SE,FT,Data Engineer,131300,US,100,US,L
2022,MI,FT,Data Engineer,24000,US,0,US,M
2022,SE,FT,Machine Learning Engineer,202900,US,100,US,L
2022,SE,FT,Data Engineer,115000,US,100,US,M
2022,EN,FT,Machine Learning Engineer,115000,US,50,US,L
2022,MI,FT,Machine Learning Engineer,193900,US,0,US,M
2022,MI,FT,Machine Learning Engineer,129300,US,0,US,M
2022,SE,FT,Data Scientist,140000,US,100,US,L
2022,MI,FT,Data Analyst,216200,US,0,US,M
2022,MI,FT,Data Analyst,144100,US,0,US,M
2022,SE,FT,Machine Learning Engineer,216000,US,0,US,M
2022,SE,FT,Machine Learning Engineer,144000,US,0,US,M
2022,EN,FT,Data Analyst,150000,US,100,US,L
2021,EN,FT,Machine Learning Engineer,12171,IN,100,IN,M
2022,MI,FT,Data Scientist,53877,IN,100,ID,L
2022,EN,FT,Data Scientist,50000,AT,50,AT,M
2021,SE,FT,Cloud Data Architect,250000,US,50,US,L
2022,EX,FT,Research Scientist,84229,NL,0,NL,L
2022,MI,FT,Data Scientist,132524,GB,100,GB,M
2022,SE,FT,Analytics Engineer,48000,AR,100,US,S
2022,EX,FT,Data Science Manager,260500,US,0,US,M
2022,EX,FT,Data Science Manager,175100,US,0,US,M
2022,SE,FT,Data Engineer,210000,US,100,US,M
2022,SE,FT,Data Engineer,100000,US,100,US,M
2022,EN,FT,Data Analyst,55000,US,100,US,S
2022,MI,FT,Data Analyst,130000,US,100,US,M
2022,SE,FT,Machine Learning Engineer,77280,FR,100,GB,L
2022,EN,FT,Data Scientist,52117,BE,50,BE,S
2022,MI,FL,Machine Learning Engineer,30787,IN,100,IN,S
2022,SE,FT,Data Engineer,206699,US,0,US,M
2022,SE,FT,Data Engineer,99100,US,0,US,M
2022,MI,FT,Analytics Engineer,200000,US,0,US,M
2022,MI,FT,Analytics Engineer,54000,US,0,US,M
2022,EN,FT,Analytics Engineer,130000,US,50,US,L
2022,SE,FT,Data Engineer,100000,US,0,US,L
2022,SE,FT,Data Engineer,80000,US,0,US,L
2022,SE,FT,Data Scientist,100000,US,0,US,L
2022,SE,FT,Data Specialist,221300,US,100,US,L
2022,SE,FT,Data Specialist,148700,US,100,US,L
2022,EN,FT,Machine Learning Engineer,30000,GB,100,GB,L
2022,EN,FT,Data Analyst,28427,FR,50,FR,M
2022,MI,FT,Data Engineer,91652,GB,0,GB,M
2022,MI,FT,Data Engineer,61927,GB,0,GB,M
2022,MI,FT,Data Scientist,61066,DE,100,DE,S
2022,SE,FT,Data Science Manager,249260,US,0,US,M
2022,SE,FT,Data Science Manager,185400,US,0,US,M
2022,SE,FT,Data Engineer,130000,US,100,US,M
2022,MI,FT,Data Scientist,80505,GB,50,GB,M
2022,SE,FT,Data Analyst,128875,US,100,US,M
2022,SE,FT,Data Analyst,93700,US,100,US,M
2022,SE,FT,Machine Learning Engineer,100000,US,100,US,M
2022,SE,FT,Data Analyst,136260,US,100,US,M
2022,SE,FT,Data Analyst,109280,US,100,US,M
2022,SE,FT,Data Scientist,160000,US,100,US,L
2022,SE,FT,Data Scientist,92000,US,100,US,L
2022,MI,FT,Data Engineer,136240,GB,0,GB,M
2022,MI,FT,Data Engineer,105276,GB,0,GB,M
2022,EN,FT,AI Scientist,3078,IN,0,IN,S
2022,EN,FT,Data Engineer,129000,US,100,US,L
2022,EN,FT,Data Engineer,86000,US,100,US,L
2020,EN,FT,Data Engineer,13493,IN,100,IN,L
2022,SE,FT,Data Analyst,100000,US,100,US,L
2022,MI,FT,Data Scientist,25000,TR,50,TR,M
2022,MI,FT,Data Analyst,65161,SG,50,SG,M
2022,MI,FT,AI Scientist,200000,US,100,US,M
2022,EN,FT,Machine Learning Engineer,180000,US,100,US,L
2022,MI,FT,Data Scientist,153000,US,100,US,L
2022,SE,FT,Data Analyst,150075,US,100,US,M
2022,SE,FT,Data Analyst,110925,US,100,US,M
2022,MI,FT,Machine Learning Engineer,22800,EG,100,EG,M
2020,EN,FT,Data Analyst,22809,PT,100,PT,M
2022,EN,FT,Data Analyst,15000,ID,0,ID,L
2022,SE,FT,Data Science Manager,134768,AU,100,AU,L
2022,EN,FT,Machine Learning Engineer,83000,US,0,US,L
2022,MI,FT,Data Engineer,92891,GB,100,GB,M
2022,SE,FT,Data Scientist,186000,US,0,US,M
2022,SE,FT,Data Scientist,148800,US,0,US,M
2022,SE,FT,Data Analyst,112900,US,0,US,M
2022,SE,FT,Data Analyst,90320,US,0,US,M
2022,SE,FT,Machine Learning Engineer,240000,US,0,US,M
2022,SE,FT,Machine Learning Engineer,160000,US,0,US,M
2022,SE,FT,Data Science Manager,300000,US,100,US,M
2022,SE,FT,Data Science Manager,200000,US,100,US,M
2022,MI,FT,Data Engineer,65804,DE,50,DE,S
2022,MI,FT,AI Scientist,200000,IN,100,US,L
2022,MI,FT,Machine Learning Engineer,117662,GB,0,GB,M
2022,MI,FT,Machine Learning Engineer,92891,GB,0,GB,M
2022,MI,FT,AI Scientist,120000,US,0,US,M
2022,SE,FT,Data Analyst,112900,US,100,US,M
2022,SE,FT,Data Analyst,90320,US,100,US,M
2022,SE,FT,Data Analytics Manager,145000,US,100,US,M
2022,SE,FT,Data Analytics Manager,105400,US,100,US,M
2020,EN,FT,Data Scientist,49268,DE,0,DE,S
2022,SE,FT,Data Scientist,215300,US,100,US,L
2022,SE,FT,Data Scientist,158200,US,100,US,L
2022,SE,FT,Data Engineer,209100,US,100,US,L
2022,SE,FT,Data Engineer,154600,US,100,US,L
2022,SE,FT,Data Analyst,115934,US,0,US,M
2022,SE,FT,Data Analyst,81666,US,0,US,M
2022,SE,FT,Data Engineer,155000,US,100,US,M
2022,MI,FT,Machine Learning Engineer,84229,FR,100,DE,M
2022,SE,FT,Data Analyst,164000,US,0,US,M
2022,SE,FT,Data Analyst,132000,US,0,US,M
2022,SE,FT,Data Scientist,123000,US,100,US,M
2022,MI,FT,ETL Developer,52643,GR,0,GR,M
2022,EX,FT,Data Engineer,116073,CA,100,CA,S
2022,SE,FT,Data Engineer,165400,US,100,US,M
2022,SE,FT,Data Engineer,132320,US,100,US,M
2022,SE,FT,Data Architect,208775,US,100,US,M
2022,SE,FT,Data Architect,147800,US,100,US,M
2022,SE,FT,Data Engineer,136994,US,100,US,M
2022,SE,FT,Data Engineer,101570,US,100,US,M
2022,EX,FT,Machine Learning Engineer,76967,IN,50,IN,L
2022,EN,FT,Machine Learning Engineer,35298,GB,100,GB,L
2022,SE,FT,Data Engineer,183600,US,100,US,L
2022,SE,FT,Data Engineer,100800,US,100,US,L
2022,MI,FT,Data Analyst,49542,GB,100,GB,M
2022,MI,FT,Data Analyst,37156,GB,100,GB,M
2022,MI,FT,Data Analyst,42114,ES,100,ES,M
2022,MI,FT,Data Analyst,31586,ES,100,ES,M
2022,MI,FT,Data Analyst,42114,GR,100,GR,M
2022,MI,FT,Data Analyst,31586,GR,100,GR,M
2022,MI,FT,Data Engineer,74313,GB,100,GB,M
2022,SE,FT,Data Scientist,215300,US,0,US,L
2022,SE,FT,Data Scientist,140400,US,0,US,L
2022,MI,FT,Data Engineer,63172,ES,100,ES,M
2022,MI,FT,Data Engineer,47379,ES,100,ES,M
2022,SE,FT,Data Scientist,260000,US,100,US,M
2022,MI,FT,Data Scientist,68120,GB,0,GB,M
2022,MI,FT,Data Scientist,43349,GB,0,GB,M
2022,MI,FT,Data Engineer,63172,GR,100,GR,M
2022,MI,FT,Data Engineer,47379,GR,100,GR,M
2022,MI,FT,Data Engineer,55734,GB,100,GB,M
2021,MI,FT,Machine Learning Engineer,51064,IT,50,IT,L
2022,SE,FT,Data Science Engineer,60000,AR,100,MX,L
2022,MI,FT,Data Engineer,82900,US,0,US,M
2022,MI,FT,Data Engineer,63900,US,0,US,M
2022,MI,FT,Machine Learning Engineer,160000,US,100,US,L
2022,MI,FT,Machine Learning Engineer,112300,US,100,US,L
2022,MI,FT,Data Science Manager,241000,US,100,US,M
2022,MI,FT,Data Science Manager,159000,US,100,US,M
2022,SE,FT,Data Scientist,80000,US,0,US,M
2022,MI,FT,Data Analyst,58000,US,0,US,S
2022,SE,FT,Data Engineer,136000,US,0,US,M
2022,SE,FT,Data Engineer,108800,US,0,US,M
2022,EX,FT,Data Engineer,242000,US,100,US,M
2022,EX,FT,Data Engineer,200000,US,100,US,M
2022,MI,FT,Data Scientist,61927,GB,0,GB,M
2022,MI,FT,Data Scientist,37156,GB,0,GB,M
2022,MI,FT,Data Engineer,49542,GB,0,GB,M
2022,SE,FT,Data Scientist,165220,US,100,US,M
2022,SE,FT,Data Scientist,120160,US,100,US,M
2022,SE,FT,Data Analyst,124190,US,100,US,M
2022,SE,FT,Data Engineer,181940,US,0,US,M
2022,SE,FT,Data Engineer,132320,US,0,US,M
2022,SE,FT,Data Engineer,220110,US,0,US,M
2022,SE,FT,Data Engineer,160080,US,0,US,M
2022,SE,FT,Data Scientist,180000,US,0,US,L
2022,SE,FT,Data Scientist,120000,US,0,US,L
2022,MI,FT,Data Analyst,126500,US,0,US,M
2022,MI,FT,Data Analyst,106260,US,0,US,M
2022,SE,FT,Data Analyst,116000,US,0,US,M
2022,SE,FT,Data Analyst,155000,US,100,US,M
2022,SE,FT,Data Analyst,120600,US,100,US,M
2022,MI,FT,Data Scientist,130000,US,0,US,M
2022,MI,FT,Data Scientist,90000,US,0,US,M
2022,MI,FT,Data Engineer,170000,US,100,US,M
2022,MI,FT,Data Engineer,150000,US,100,US,M
2022,SE,FT,Data Analyst,102100,US,100,US,M
2022,SE,FT,Data Analyst,84900,US,100,US,M
2022,SE,FT,Data Scientist,136620,US,100,US,M
2022,SE,FT,Data Scientist,99360,US,100,US,M
2022,SE,FT,Data Scientist,111469,GB,0,GB,M
2022,SE,FT,Data Scientist,99084,GB,0,GB,M
2022,SE,FT,Data Scientist,146000,US,100,US,M
2022,EN,FT,Data Engineer,43349,GB,100,GB,M
2022,EX,FT,Data Analyst,130000,US,100,US,M
2022,EX,FT,Data Analyst,110000,US,100,US,M
2022,SE,FT,Data Analyst,170000,US,100,US,M
2022,SE,FT,Data Science Manager,161342,US,100,US,M
2022,SE,FT,Data Science Manager,137141,US,100,US,M
2022,SE,FT,Data Scientist,167000,US,100,US,M
2022,SE,FT,Data Engineer,74313,GB,0,GB,M
2022,SE,FT,Data Engineer,61927,GB,0,GB,M
2022,SE,FT,Data Scientist,211500,US,100,US,M
2022,SE,FT,Data Scientist,138600,US,100,US,M
2022,SE,FT,Data Architect,192400,CA,100,CA,M
2022,SE,FT,Data Architect,90700,CA,100,CA,M
2022,SE,FT,Data Analyst,130000,CA,100,CA,M
2022,SE,FT,Data Analyst,61300,CA,100,CA,M
2022,SE,FT,Data Engineer,160000,US,0,US,L
2022,SE,FT,Data Engineer,113000,US,0,US,L
2022,SE,FT,Data Scientist,150000,US,0,US,M
2022,SE,FT,Data Scientist,95550,US,0,US,M
2022,MI,FT,Data Analyst,167000,US,100,US,M
2022,MI,FT,Data Analyst,115500,US,100,US,M
2022,SE,FT,Data Engineer,243900,US,100,US,M
2022,SE,FT,Data Engineer,156600,US,100,US,M
2022,SE,FT,Data Analyst,136600,US,100,US,M
2022,SE,FT,Data Engineer,128875,US,100,US,M
2022,SE,FT,Data Engineer,93700,US,100,US,M
2022,EX,FT,Head of Data Science,224000,US,100,US,M
2022,EX,FT,Head of Data Science,167875,US,100,US,M
2022,EX,FT,Analytics Engineer,175000,US,100,US,M
2022,EX,FT,Analytics Engineer,135000,US,100,US,M
2022,SE,FT,Data Scientist,205300,US,0,US,L
2022,SE,FT,Data Scientist,176000,US,100,US,M
2022,SE,FT,Data Engineer,200100,US,100,US,M
2022,SE,FT,Data Engineer,70500,US,0,US,M
2022,SE,FT,Data Engineer,54000,US,0,US,M
2022,SE,FT,Data Scientist,205300,US,0,US,M
2022,SE,FT,Data Scientist,140400,US,0,US,M
2022,SE,FT,Analytics Engineer,205300,US,0,US,M
2022,SE,FT,Analytics Engineer,184700,US,0,US,M
2022,SE,FT,Data Engineer,175100,US,100,US,M
2022,SE,FT,Data Engineer,140250,US,100,US,M
2022,SE,FT,Data Analyst,116150,US,100,US,M
2022,SE,FT,Data Analyst,99050,US,100,US,M
2022,MI,FT,Data Analyst,85000,CA,0,CA,M
2022,MI,FT,Data Analyst,75000,CA,0,CA,M
2022,SE,FT,Machine Learning Engineer,214000,US,100,US,M
2022,SE,FT,Machine Learning Engineer,192600,US,100,US,M
2022,SE,FT,Data Architect,266400,US,100,US,M
2022,SE,FT,Data Architect,213120,US,100,US,M
2022,MI,FT,Data Scientist,141300,US,0,US,M
2022,MI,FT,Data Scientist,102100,US,0,US,M
2022,MI,FT,Data Engineer,206699,US,0,US,M
2022,MI,FT,Data Engineer,99100,US,0,US,M
2022,SE,FT,Data Engineer,110500,US,100,US,M
2022,MI,FT,Data Analyst,61927,GB,0,GB,M
2022,MI,FT,Data Analyst,43349,GB,0,GB,M
2022,SE,FT,Data Analyst,80000,US,100,US,M
2022,SE,FT,Data Analyst,60000,US,100,US,M
2022,SE,FT,Data Architect,192564,US,100,US,M
2022,SE,FT,Data Architect,144854,US,100,US,M
2022,SE,FT,Data Scientist,230000,US,100,US,M
2022,SE,FT,Data Scientist,150000,US,100,US,M
2022,SE,FT,Data Analytics Manager,150260,US,100,US,M
2022,SE,FT,Data Analytics Manager,109280,US,100,US,M
2022,SE,FT,Data Analyst,150000,US,100,US,M
2022,MI,FT,Data Scientist,160000,US,100,US,M
2022,MI,FT,Data Scientist,130000,US,100,US,M
2022,EN,FT,Data Analyst,67000,CA,0,CA,M
2022,EN,FT,Data Analyst,52000,CA,0,CA,M
2022,SE,FT,Data Analyst,129000,US,0,US,M
2022,SE,FT,Data Scientist,210000,US,100,US,M
2022,SE,FT,Data Analyst,69000,US,100,US,M
2022,SE,FT,Data Engineer,25000,US,100,US,M
2022,SE,FT,Data Analyst,126500,US,100,US,M
2022,SE,FT,Data Analyst,106260,US,100,US,M
2022,SE,FT,Data Engineer,220110,US,100,US,M
2022,SE,FT,Data Engineer,160080,US,100,US,M
2022,SE,FT,Data Analyst,105000,US,100,US,M
2022,MI,FT,Data Analyst,135000,US,100,US,M
2022,MI,FT,Data Analyst,50000,US,100,US,M
2022,SE,FT,Data Scientist,220000,US,100,US,M
2022,MI,FT,Data Scientist,173397,GB,0,GB,M
2022,MI,FT,Data Scientist,86698,GB,0,GB,M
2022,SE,FT,Machine Learning Engineer,220000,US,100,US,M
2022,SE,FT,Machine Learning Engineer,120000,US,100,US,M
2022,MI,FT,Data Scientist,200000,US,100,US,M
2022,SE,FT,Machine Learning Engineer,120000,AE,100,AE,S
2022,SE,FT,Machine Learning Engineer,65000,AE,100,AE,S
2022,EX,FT,Data Engineer,324000,US,100,US,M
2022,EX,FT,Data Engineer,216000,US,100,US,M
2022,SE,FT,Data Scientist,185100,US,100,US,M
2022,SE,FT,Data Scientist,104890,US,100,US,M
2022,MI,FT,Machine Learning Engineer,77382,CA,100,CA,M
2020,SE,FT,Machine Learning Engineer,117104,CA,50,CA,L
2022,EX,FT,Director of Data Science,193455,CA,50,CA,L
2022,MI,FT,Machine Learning Engineer,120000,US,100,US,S
2022,MI,FT,NLP Engineer,35988,US,50,US,L
2022,MI,FT,Data Analyst,17959,IN,100,IN,M
2022,MI,FT,Data Scientist,30787,IN,100,IN,L
2022,MI,FT,Machine Learning Engineer,55802,PT,50,PT,L
2022,MI,PT,Data Engineer,52643,DE,50,DE,L
2022,EN,FT,Data Scientist,17959,IN,100,IN,M
2022,MI,FT,Machine Learning Engineer,75000,BO,100,US,L
2022,MI,FT,Data Scientist,157000,US,100,US,L
2022,MI,FT,Data Analyst,69643,CA,50,CA,L
2022,EN,FT,Data Engineer,65000,US,100,US,S
2022,SE,FT,Machine Learning Engineer,68436,IE,100,IE,S
2021,MI,FT,Data Scientist,109000,US,50,US,L
2022,MI,FT,Data Scientist,68096,CA,100,CA,M
2022,EN,FT,Computer Vision Engineer,10000,PT,100,LU,M
2022,MI,FT,Data Analyst,20000,GR,100,GR,S
2021,SE,FT,Head of Data,102839,SI,100,SI,L
2022,SE,FT,Head of Data,200000,MY,100,US,M
2022,EN,FT,Data Scientist,51459,CA,100,CA,L
2022,MI,FT,Machine Learning Engineer,84491,AU,100,AU,L
2022,EN,FT,Data Scientist,40000,JP,100,MY,L
2022,MI,FT,Head of Data,31586,EE,100,EE,S
2022,SE,FT,Machine Learning Engineer,60013,NL,100,NL,L
2020,EN,FT,Data Engineer,54742,PK,100,DE,L
2022,SE,FT,Research Scientist,89494,FR,50,FR,L
2022,EN,FT,Data Scientist,83793,AU,50,AU,M
2022,SE,FT,Data Scientist,165000,US,100,US,M
2022,MI,FT,Machine Learning Engineer,153000,US,50,US,M
2022,SE,FT,Data Scientist,100000,BR,100,US,M
2022,SE,FT,Machine Learning Engineer,77382,CA,100,CA,M
2022,MI,FT,Data Scientist,33681,PL,100,PL,L
2022,MI,FT,Data Analyst,75000,CA,100,CA,S
2020,MI,FT,Data Analyst,20000,HN,0,HN,S
2022,EN,CT,Machine Learning Engineer,30533,TN,100,CZ,M
2021,MI,FT,Research Scientist,69999,CZ,50,CZ,L
2022,EN,FT,Data Engineer,55591,PK,100,DE,M
2022,MI,FT,Research Scientist,62119,AT,0,AT,L
2022,SE,FT,Data Science Manager,152500,US,100,US,M
2022,EN,FT,Research Scientist,120000,US,100,US,L
2022,MI,FT,Data Scientist,135000,US,100,US,L
2022,SE,FT,Data Analytics Lead,405000,US,100,US,L
2021,SE,FT,Data Engineer,150000,US,0,US,L
2021,SE,FT,Data Science Manager,240000,US,0,US,L
2021,MI,FT,Data Analyst,135000,US,100,US,L
2021,EN,FT,Data Scientist,80000,US,100,US,M
2022,SE,FT,Data Scientist,380000,US,100,US,L
2022,MI,FT,Data Scientist,120221,CH,0,CH,L
2022,SE,FT,Data Scientist,177000,US,100,US,L
2022,MI,FT,Data Engineer,65278,FR,100,FR,M
2022,MI,FT,Data Scientist,48000,RU,100,US,S
2022,EN,FT,Data Analytics Engineer,20000,PK,0,PK,M
2021,SE,FT,Data Scientist,220000,US,0,US,L
2021,MI,FT,Machine Learning Engineer,77364,JP,50,JP,S
2021,MI,FT,Machine Learning Engineer,63711,JP,50,JP,S
2022,EN,FT,Computer Vision Software Engineer,150000,AU,100,AU,S
2021,MI,FT,Data Analyst,90000,US,100,US,M
2022,MI,FL,Data Scientist,100000,CA,100,US,M
2021,EN,FT,Data Scientist,100000,US,0,US,S
2022,EN,PT,Data Scientist,100000,DZ,50,DZ,M
2022,SE,FT,Research Scientist,144000,US,50,US,L
2022,SE,FT,Data Scientist,155825,DE,100,DE,M
2021,SE,FT,Computer Vision Engineer,24000,BR,100,BR,M
2021,MI,FT,Machine Learning Engineer,38400,VN,100,US,M
2022,EN,FT,Data Analyst,100000,US,50,US,L
2021,MI,FT,Data Scientist,82500,US,100,US,S
2021,EN,FT,Data Scientist,49646,FR,50,FR,M
2021,SE,FT,Data Scientist,40570,IN,50,IN,L
2022,EN,FT,Data Engineer,120000,US,100,US,M
2022,SE,FT,Machine Learning Engineer,84229,DE,0,DE,M
2021,EN,FT,Machine Learning Engineer,20000,IN,100,IN,S
2022,EN,FT,Computer Vision Engineer,125000,US,0,US,M
2021,MI,FT,Data Scientist,9466,IN,0,IN,S
2021,SE,FT,Machine Learning Engineer,120000,US,50,US,S
2021,EN,PT,Data Analyst,10354,ES,50,ES,M
2021,EN,FT,Data Scientist,110037,GB,0,GB,L
2022,EN,FT,Machine Learning Engineer,21057,PT,100,PT,L
2021,EN,FT,Data Analyst,50000,US,100,US,M
2021,SE,FT,Data Engineer,200000,US,100,US,M
2021,MI,FT,Data Engineer,60000,ES,50,RO,M
2021,MI,FT,Data Engineer,200000,US,100,US,L
2021,EN,FT,Machine Learning Engineer,100000,IQ,50,IQ,S
2021,MI,FT,Data Engineer,100000,US,100,US,L
2021,SE,FT,Machine Learning Engineer,82744,BE,50,BE,M
2020,MI,FT,Data Engineer,59303,DE,100,DE,S
2021,MI,FT,Research Scientist,62649,FR,50,FR,M
2021,MI,FT,Data Engineer,82528,GB,100,GB,L
2021,MI,FT,Data Architect,170000,US,100,US,L
2021,MI,FT,Data Architect,150000,US,100,US,L
2021,EN,FT,Data Analyst,55000,US,50,US,S
2021,EX,FT,Director of Data Science,250000,US,0,US,L
2021,EN,FT,Data Engineer,80000,US,100,US,L
2020,EN,FT,Data Engineer,70000,US,100,US,L
2021,EX,FT,Director of Data Science,130026,DE,50,DE,M
2021,EN,FT,Data Science Consultant,63831,DE,50,DE,L
2020,SE,FT,Data Scientist,68428,GR,100,US,L
2021,EX,FT,Head of Data Science,85000,RU,0,RU,M
2021,EX,FT,Head of Data,230000,RU,50,RU,L
2021,EN,FT,Machine Learning Engineer,125000,US,100,US,S
2021,SE,FT,Data Analytics Manager,120000,US,100,US,M
2020,MI,FT,Research Scientist,450000,US,0,US,M
2020,MI,FT,Data Analyst,46759,FR,50,FR,L
2020,MI,FT,Data Engineer,74130,AT,50,AT,L
2021,SE,FT,Data Science Engineer,127221,CA,50,CA,L
2021,SE,FT,Data Science Manager,144000,US,100,US,L
2021,EN,FT,Data Scientist,13400,UA,100,UA,L
2021,MI,FT,Data Scientist,75774,CA,100,CA,L
2021,MI,FT,Data Scientist,150000,US,100,US,M
2020,MI,FT,Data Science Consultant,103000,US,100,US,L
2021,SE,FT,Data Engineer,153000,US,100,US,L
2021,MI,FT,Data Engineer,90000,US,100,US,L
2021,EN,FT,Data Analyst,90000,US,100,US,S
2021,EN,FT,Data Analyst,60000,US,100,US,S
2021,MI,FT,Data Scientist,50000,NG,100,NG,L
2021,EN,PT,AI Scientist,12000,PK,100,US,M
2021,MI,PT,3D Computer Vision Researcher,5409,IN,50,IN,M
2021,MI,CT,Machine Learning Engineer,270000,US,100,US,L
2021,MI,FT,Data Scientist,54238,GB,50,CA,L
2021,MI,FT,Machine Learning Engineer,47282,ES,100,ES,S
2021,EX,FT,Director of Data Science,153667,IT,100,PL,L
2021,MI,FT,Data Engineer,28476,PL,100,PL,L
2021,MI,FT,Data Analytics Engineer,110000,US,100,US,L
2021,EN,FT,Research Scientist,82528,GB,50,GB,L
2020,EN,FT,Machine Learning Engineer,250000,US,50,US,L
2021,EN,FT,Data Analyst,59102,FR,50,FR,M
2021,SE,FT,Data Analyst,80000,BG,100,US,S
2020,EN,FT,Data Analyst,10000,NG,100,NG,S
2020,EN,FT,Machine Learning Engineer,138000,US,100,US,S
2021,MI,FT,Data Engineer,140000,US,100,US,L
2021,SE,FT,Data Analytics Engineer,79197,DE,100,DE,L
2021,SE,FT,Data Analyst,170000,US,100,US,L
2021,EN,FT,Data Analyst,80000,US,100,US,M
2020,MI,FT,Data Scientist,45760,PH,100,US,S
2021,MI,FT,Data Analyst,100000,US,100,US,M
2021,SE,FT,Data Scientist,53192,FR,50,FR,L
2021,EX,FT,Head of Data,235000,US,100,US,L
2021,EX,FT,Data Analyst,150000,IN,100,US,L
2020,EX,FT,Data Engineer,79833,ES,50,ES,L
2021,EN,FT,Machine Learning Engineer,225000,US,100,US,L
2021,EN,FT,Data Science Consultant,76833,DE,100,DE,S
2020,MI,FT,Machine Learning Engineer,50180,PT,0,PT,M
2021,SE,FT,Data Analyst,88654,GR,100,DK,L
2021,SE,FT,Data Engineer,103160,GB,100,GB,S
2021,SE,FT,Data Engineer,113476,GB,100,GB,M
2021,SE,FT,Machine Learning Engineer,94564,DE,50,DE,L
2021,EN,FT,Data Engineer,30428,IN,100,IN,L
2021,SE,FT,Data Engineer,150000,US,100,US,M
2021,SE,FT,Data Engineer,115000,US,100,US,S
2021,MI,FT,Research Scientist,187442,CA,100,CA,L
2021,MI,FT,Data Analyst,51519,GB,50,GB,L
2020,MI,FT,Data Engineer,106000,US,100,US,L
2020,MI,FT,Data Engineer,112872,GB,50,GB,L
2021,MI,FT,Data Analyst,36259,HU,50,US,L
2021,SE,FT,Data Engineer,150000,US,100,US,L
2020,EN,PT,Machine Learning Engineer,15966,DE,100,DE,S
2021,MI,FT,Computer Vision Software Engineer,95746,DE,100,US,S
2021,EN,FT,Computer Vision Software Engineer,70000,US,100,US,M
2021,MI,FT,Data Analyst,450000,US,100,US,L
2020,MI,FT,Data Scientist,76958,GB,100,GB,S
2021,MI,FT,Data Engineer,89294,SG,50,SG,L
2021,EN,FT,Data Scientist,29751,IN,50,IN,L
2021,SE,FT,Data Engineer,276000,US,0,US,L
2020,SE,FT,Data Engineer,188000,US,100,US,L
2021,SE,FT,Data Engineer,160000,BR,100,US,S
2020,MI,FT,Data Scientist,105000,US,100,US,L
2021,SE,FT,Data Engineer,174000,US,100,US,L
2021,MI,FT,Data Analyst,93000,US,100,US,L
2021,EN,FT,Data Scientist,28399,IN,100,IN,M
2021,SE,FT,Research Scientist,60757,PT,50,PT,L
2021,EN,FT,Data Scientist,90000,US,100,US,S
2020,MI,FT,Data Engineer,70139,FR,50,FR,L
2020,EN,FT,Data Analyst,6072,IN,0,IN,S
2020,SE,FT,Data Engineer,33511,MX,0,MX,S
2021,SE,FT,Data Analyst,170000,US,100,US,M
2021,SE,FT,Data Engineer,96282,GB,50,GB,L
2021,MI,FT,Data Engineer,12103,TR,0,TR,M
2021,EN,FT,Data Scientist,36643,FR,50,FR,L
2021,MI,FT,Data Engineer,72212,GB,50,GB,L
2020,EN,FT,Data Analyst,91000,US,100,US,L
2021,SE,FT,Big Data Architect,99703,CA,50,CA,M
2021,SE,FT,Data Scientist,165000,US,100,US,L
2021,MI,FT,Data Analyst,80000,US,100,US,L
2021,SE,FT,Data Scientist,103691,CA,100,CA,L
2021,EN,FT,Data Engineer,21637,IN,50,IN,M
2020,EN,FT,Research Scientist,42000,NL,50,NL,L
2020,MI,FT,Data Scientist,115000,AE,0,AE,L
2021,MI,FT,Research Scientist,63810,CA,100,CA,M
2020,SE,FT,Machine Learning Engineer,260000,JP,0,JP,S
2021,MI,FT,Head of Data Science,110000,US,0,US,S
2021,MI,FT,Data Architect,180000,US,100,US,L
2021,SE,FT,Data Analyst,200000,US,100,US,L
2020,SE,FT,Data Engineer,109024,GB,50,GB,M
2021,SE,FT,Data Engineer,200000,US,100,US,L
2021,SE,FT,Machine Learning Engineer,256000,US,100,US,S
2021,MI,FT,Data Engineer,110000,US,100,US,L
2020,MI,FT,Data Scientist,79833,DE,0,DE,L
2021,EN,FT,Data Engineer,72500,US,100,US,L
2021,SE,FT,Machine Learning Engineer,185000,US,50,US,L
2021,MI,PT,Data Engineer,69741,NL,100,NL,L
2021,EN,FT,Research Scientist,100000,JE,0,CN,L
2021,MI,FT,Data Engineer,112000,US,100,US,L
2020,SE,FT,Machine Learning Engineer,150000,US,50,US,L
2021,SE,FT,Data Scientist,20171,TR,50,TR,L
2021,SE,FT,AI Scientist,55000,ES,100,ES,L
2021,EN,FT,Data Scientist,58000,US,50,US,L
2021,EN,FT,Data Scientist,100000,US,100,US,M
2021,SE,FT,Data Scientist,77684,FR,50,FR,M
2021,EN,FT,Machine Learning Engineer,85000,NL,100,DE,S
2021,EN,FT,Data Science Consultant,76833,DE,0,DE,L
2021,SE,CT,Data Scientist,105000,US,100,US,M
2020,EN,FT,Data Analyst,72000,US,100,US,L
2021,EN,FT,Data Engineer,65013,DE,50,DE,M
2021,MI,FT,Data Engineer,28016,TR,100,TR,M
2021,MI,FT,Data Engineer,111775,US,0,US,M
2021,MI,FT,Data Engineer,93150,US,0,US,M
2021,SE,FT,Data Engineer,160000,PR,50,US,S
2021,MI,FT,Data Scientist,25532,RS,100,DE,S
2021,SE,FT,Machine Learning Engineer,66265,IN,0,IN,L
2021,MI,FT,Data Scientist,16904,IN,100,IN,S
2021,SE,FT,Data Analyst,63831,DE,50,DE,L
2020,SE,FT,Data Scientist,190000,US,100,US,S
2021,EX,FT,Director of Data Science,141846,DE,0,DE,L
2021,EN,FT,Data Engineer,16228,IN,100,IN,L
2021,SE,FT,Data Analyst,71786,CA,100,CA,M
2020,MI,FT,Data Scientist,35735,HU,50,HU,L
2021,SE,FT,Data Scientist,135000,US,0,US,L
2021,EN,FT,Machine Learning Engineer,24823,DE,50,DE,M
2021,SE,FT,Data Science Manager,54094,IN,50,US,L
2021,SE,FT,Machine Learning Engineer,24342,IN,100,IN,L
2021,EN,FT,Data Analyst,9272,KE,100,KE,S
2021,MI,FT,Data Scientist,147000,US,50,US,L
2021,SE,FT,Research Scientist,96113,CA,50,CA,L
2021,SE,FT,Data Science Manager,174000,US,100,US,L
2020,MI,FT,Data Analyst,135000,US,100,US,L
2021,EN,FT,Machine Learning Engineer,21844,CO,50,CO,M
2020,SE,FT,Data Engineer,125000,NZ,50,NZ,S
2020,EN,FT,Data Scientist,51321,FR,0,FR,S
2020,MI,FT,Data Scientist,40481,IN,0,IN,L
2021,EX,FT,Data Science Consultant,69741,FR,100,ES,S
2021,SE,FT,Data Analytics Engineer,50000,VN,100,GB,M
2021,MI,FT,Data Engineer,4000,IR,100,IR,M
2020,EN,FT,Data Scientist,39916,FR,0,FR,M
2020,MI,FT,Data Analyst,87000,US,100,US,L
2021,MI,FT,Data Engineer,26005,RO,0,US,L
2021,MI,FT,Data Scientist,90734,DE,50,DE,L
2021,MI,FT,Data Engineer,22611,IN,0,IN,L
2021,MI,FT,Data Scientist,5679,IN,100,US,S
2021,EN,FT,Machine Learning Engineer,81000,US,50,US,S
2021,MI,FT,Data Scientist,40038,CL,100,CL,L
2021,MI,FT,Data Scientist,2859,MX,0,MX,S
2021,EN,FT,Data Science Consultant,90000,US,100,US,S
2021,MI,FT,Data Scientist,61467,DE,50,AT,M
2021,SE,FT,Machine Learning Engineer,195000,US,100,US,M
2021,MI,FT,Data Scientist,37825,ES,100,ES,L
2020,MI,FT,Data Analyst,85000,US,100,US,L
2021,EX,CT,Data Scientist,416000,US,100,US,S
2021,SE,FT,Machine Learning Engineer,225000,US,100,CA,L
2021,MI,FT,Data Scientist,56256,GB,50,GB,L
2021,MI,FT,Data Scientist,33808,IN,0,IN,M
2021,MI,FT,Data Scientist,116914,GB,50,GB,L
2021,MI,FT,Machine Learning Engineer,46597,PL,100,PL,L
2020,MI,FT,Data Analyst,8000,PK,50,PK,L
2020,EN,FT,Data Engineer,41689,JP,100,JP,S
2020,SE,FT,Data Engineer,114047,PL,100,GB,S
2021,MI,FT,Machine Learning Engineer,88654,BE,100,BE,M
2020,EN,FT,Data Science Consultant,5707,IN,50,IN,M
2020,MI,FT,Data Engineer,56000,PT,100,US,M
2021,EN,PT,Computer Vision Engineer,28609,DK,50,DK,S
2021,MI,FT,Data Scientist,88654,DE,50,DE,L
2020,MI,FT,Machine Learning Engineer,43331,CN,0,CN,M
2020,MI,FT,Data Analyst,6072,IN,100,IN,L
2020,SE,FT,Data Engineer,47899,GR,50,GR,L
2020,MI,FT,Data Analyst,98000,US,0,US,M
2021,MI,FT,Data Engineer,66022,HK,50,GB,S
2021,MI,FT,Research Scientist,56738,FR,50,FR,S
2021,MI,FT,Machine Learning Engineer,24823,SI,50,SI,L
2021,SE,FT,Data Analytics Manager,120000,US,0,US,L
2021,MI,FL,Data Engineer,20000,IT,0,US,L
2020,EX,FT,Director of Data Science,325000,US,100,US,L
2021,SE,FT,Machine Learning Engineer,200000,US,100,US,L
2020,EN,FT,AI Scientist,45896,DK,50,DK,S
2021,MI,FT,Data Scientist,160000,US,100,US,L
2021,SE,FT,Research Scientist,50000,FR,100,US,S
2021,MI,FT,Data Science Engineer,40189,GR,100,GR,M
2021,EX,FT,Data Engineer,600000,US,100,US,L
2021,MI,FT,Data Scientist,12901,BR,0,BR,S
2021,SE,FT,Data Engineer,165000,US,0,US,M
2021,EN,FT,Data Engineer,5882,IN,0,CH,L
2020,MI,FT,Data Scientist,42197,FR,50,FR,S
2021,SE,FT,Data Engineer,185000,US,100,US,L
2020,EN,FT,Data Scientist,62726,DE,50,DE,S
2020,EN,PT,Data Scientist,21669,IT,50,IT,S
2020,MI,FT,Data Engineer,110000,US,100,US,L
2021,SE,FT,Data Analytics Manager,140000,US,100,US,L
2020,SE,FT,Data Scientist,120000,US,50,US,L
2021,SE,FT,Data Scientist,87738,CA,100,CA,S
2021,SE,FT,Data Analyst,61896,GB,50,GB,L
2021,MI,FL,Machine Learning Engineer,12000,PK,50,PK,M
2021,SE,FT,Data Engineer,76833,RO,50,GB,S
2021,MI,FT,Machine Learning Engineer,74000,JP,50,JP,S
2021,SE,FT,Data Science Manager,152000,US,100,FR,L
2021,MI,FT,Data Engineer,18000,MD,0,MD,S
2020,SE,FL,Computer Vision Engineer,60000,RU,100,US,S
2021,MI,FT,Data Scientist,130000,US,50,US,L
2021,SE,FT,Computer Vision Engineer,18907,BR,0,BR,M
2021,EN,FT,Data Analyst,59102,LU,100,LU,L
2021,SE,FT,Data Scientist,173762,DE,100,DE,M
2020,SE,FT,Data Scientist,148261,DE,100,DE,M
2020,MI,FT,Data Scientist,38776,ES,100,ES,M
2021,MI,FT,Data Scientist,46809,ES,100,ES,M
2021,EN,FT,Data Scientist,4000,VN,0,VN,M
2021,EN,FT,AI Scientist,18053,IN,100,AS,S
2020,SE,FT,Data Scientist,91237,AT,0,AT,S
2020,MI,FT,Data Scientist,62726,FR,50,LU,S
2021,MI,FT,Data Scientist,115000,US,50,US,L
2021,SE,FT,Data Scientist,235000,US,100,US,L
2021,MI,FT,Data Analyst,19609,IN,100,IN,L
2021,EN,PT,AI Scientist,12000,BR,100,US,S
2021,MI,FT,Data Analyst,75000,US,0,US,L
2021,MI,FT,Data Analyst,62000,US,0,US,L
2021,MI,FT,Data Scientist,73000,US,0,US,L
2021,MI,FT,Data Engineer,45391,NL,100,NL,L
2020,SE,FT,Data Science Manager,190200,US,100,US,M
2020,MI,FT,Data Scientist,118000,US,100,US,M
2020,MI,FT,Data Scientist,138350,US,100,US,M
2020,MI,FT,Data Engineer,130800,ES,100,US,M
2020,SE,FT,Machine Learning Engineer,45618,HR,100,HR,S
2021,SE,FT,Director of Data Science,168000,JP,0,JP,S
2021,MI,FT,Data Scientist,119059,SG,100,IL,M
2021,MI,FT,Machine Learning Engineer,423000,US,50,US,L
2021,MI,FT,Data Engineer,28369,MT,50,MT,L
2021,SE,FT,Data Specialist,165000,US,100,US,L
2020,SE,FT,Data Scientist,412000,US,100,US,L
2021,MI,FT,Data Scientist,151000,US,100,US,L
2020,EN,FT,Data Scientist,105000,US,100,US,S
2020,EN,CT,Data Analyst,100000,US,100,US,L
2021,SE,FT,Data Science Manager,94665,IN,50,IN,L
